{"nodes":{"node:2464574488160":{"location":{"x":13,"y":96}},"node:2464574488480":{"location":{"x":200,"y":10}},"node:2464574490400":{"location":{"x":10,"y":200}},"node:2464574490560":{"location":{"x":570,"y":128}},"node:2464574491040":{"location":{"x":10,"y":10}},"node:2464574492000":{"location":{"x":476,"y":-15}},"node:2464574493440":{"location":{"x":732,"y":0}}},"selection":null,"view":{"scroll":{"x":-766.794921875,"y":-284.92108154296875},"visible_rect":{"max":{"x":1060.205078125,"y":635.07891845703125},"min":{"x":-766.794921875,"y":-284.92108154296875}},"zoom":1}}