{"nodes":{"node:1867918695584":{"location":{"x":10,"y":10}},"node:1867918695680":{"location":{"x":200,"y":10}},"node:1867918695776":{"location":{"x":10,"y":200}},"node:1867918695872":{"location":{"x":13,"y":112}},"node:1867918695968":{"location":{"x":476,"y":-15}},"node:1867918696064":{"location":{"x":732,"y":0}},"node:1867918696160":{"location":{"x":-198,"y":48}}},"selection":null,"view":{"scroll":{"x":-381.702728271484375,"y":-296.2198486328125},"visible_rect":{"max":{"x":1059.4378662109375,"y":519.02410888671875},"min":{"x":-305.3621826171875,"y":-236.975875854492188}},"zoom":1.25}}